id,first_name,last_name,email,phone,gender,age,job_title,years_of_experience,salary,department,Hire Date,Full Name,Designation,Phone
1,Jose,Lopez,joselopez0944@slingacademy.com,+1-971-533-4552x1542,male,25,Project Manager,1,8500,Product,2021-12-01,Jose Lopez,System Engineer,Invalid Number
2,Diane,Carter,dianecarter1228@slingacademy.com,881.633.0107,female,26,Machine Learning Engineer,2,7000,Product,2018-05-10,Diane Carter,System Engineer,881.633.0107
3,Shawn,Foster,shawnfoster2695@slingacademy.com,001-966-861-0065x493,male,37,Project Manager,14,17000,Product,2019-09-15,Shawn Foster,Lead,Invalid Number
4,Brenda,Fisher,brendafisher3185@slingacademy.com,001-574-564-4648,female,31,Web Developer,8,10000,Product,2021-12-01,Brenda Fisher,Senior Data Engineer,001-574-564-4648
5,Sean,Hunter,seanhunter4753@slingacademy.com,5838355842,male,35,Project Manager,11,14500,Product,2022-04-30,Sean Hunter,Lead,5838355842
6,Joshua,Jacobs,joshuajacobs5904@slingacademy.com,053-913-2609,male,28,Project Manager,3,10500,Product,2021-12-01,Joshua Jacobs,Data Engineer,053-913-2609
7,Brianna,Marshall,briannamarshall6438@slingacademy.com,701-932-8553,female,33,Machine Learning Engineer,10,11000,Product,2019-09-15,Brianna Marshall,Senior Data Engineer,701-932-8553
8,John,Tate,johntate7881@slingacademy.com,001-889-992-5260x62725,male,33,Mobile Developer,10,11000,Product,2022-04-30,John Tate,Senior Data Engineer,Invalid Number
9,Jillian,Byrd,jillianbyrd8170@slingacademy.com,077-635-0084x1647,female,34,Web Developer,10,11000,Product,2018-05-10,Jillian Byrd,Senior Data Engineer,Invalid Number
10,Melanie,Sharp,melaniesharp9256@slingacademy.com,(848)212-0230,female,41,Web Developer,15,14500,Product,2019-09-15,Melanie Sharp,Lead,(848)212-0230
11,Brandy,Mckee,brandymckee10500@slingacademy.com,001-085-315-6112x464,female,37,Web Developer,14,14000,Product,2022-04-30,Brandy Mckee,Lead,Invalid Number
12,Robert,Simpson,robertsimpson11778@slingacademy.com,496-469-5331x659,male,36,DevOps Engineer,12,15000,Product,2020-07-20,Robert Simpson,Lead,Invalid Number
13,George,Mckenzie,georgemckenzie12384@slingacademy.com,(843)416-2489,male,28,Machine Learning Engineer,4,10000,Product,2019-09-15,George Mckenzie,Data Engineer,(843)416-2489
14,Joseph,Smith,josephsmith13724@slingacademy.com,+1-380-230-4166,male,40,Machine Learning Engineer,14,14000,Product,2022-04-30,Joseph Smith,Lead,+1-380-230-4166
15,Dana,Crawford,danacrawford14310@slingacademy.com,(848)716-0019x0240,female,32,Project Manager,8,12000,Product,2019-09-15,Dana Crawford,Senior Data Engineer,Invalid Number
16,Christopher,Benson,christopherbenson15937@slingacademy.com,+1-368-801-2914x8616,male,29,Web Developer,5,7500,Product,2019-09-15,Christopher Benson,Data Engineer,Invalid Number
17,Nicole,Smith,nicolesmith16360@slingacademy.com,289.372.5080x2156,female,26,Designer,4,10000,Product,2018-05-10,Nicole Smith,Data Engineer,Invalid Number
18,Peter,Jimenez,peterjimenez17791@slingacademy.com,001-535-827-3787x317,male,28,Mobile Developer,3,6500,Product,2018-05-10,Peter Jimenez,Data Engineer,Invalid Number
19,Sergio,Boyle,sergioboyle18425@slingacademy.com,3027626274,male,31,Tester,6,9000,Product,2018-05-10,Sergio Boyle,Senior Data Engineer,3027626274
20,Brianna,Moss,briannamoss19517@slingacademy.com,+1-529-287-4857x163,female,31,Designer,5,10500,Product,2019-09-15,Brianna Moss,Data Engineer,Invalid Number
21,Taylor,Garner,taylorgarner20196@slingacademy.com,931-244-1612x38767,female,32,Machine Learning Engineer,6,11000,Product,2022-04-30,Taylor Garner,Senior Data Engineer,Invalid Number
22,Michael,Padilla,michaelpadilla21381@slingacademy.com,(787)446-1738,male,29,Tester,5,9500,Product,2019-09-15,Michael Padilla,Data Engineer,(787)446-1738
23,Yvette,Walker,yvettewalker22744@slingacademy.com,154-489-0248,female,26,Designer,2,7000,Product,2022-04-30,Yvette Walker,System Engineer,154-489-0248
24,Kristina,Pena,kristinapena23750@slingacademy.com,+1-099-174-5458x294,female,34,DevOps Engineer,11,12500,Product,2021-12-01,Kristina Pena,Lead,Invalid Number
25,Vanessa,Reynolds,vanessareynolds24710@slingacademy.com,+1-357-911-9617x44729,female,36,Machine Learning Engineer,10,13000,Product,2018-05-10,Vanessa Reynolds,Senior Data Engineer,Invalid Number
26,Robert,Suarez,robertsuarez25924@slingacademy.com,+1-121-053-2698x314,male,33,Tester,9,9500,Product,2022-04-30,Robert Suarez,Senior Data Engineer,Invalid Number
27,Tammy,Ellis,tammyellis26570@slingacademy.com,029.476.5817x88014,female,37,HR Manager,14,14000,Human Resource,2020-07-20,Tammy Ellis,Lead,Invalid Number
28,Rodney,Porter,rodneyporter27496@slingacademy.com,+1-508-187-4826,male,28,DevOps Engineer,3,9500,Product,2018-05-10,Rodney Porter,Data Engineer,+1-508-187-4826
29,David,Reyes,davidreyes28592@slingacademy.com,(725)355-0896x3876,male,25,Designer,2,7000,Product,2022-04-30,David Reyes,System Engineer,Invalid Number
30,Brian,Kirby,briankirby29574@slingacademy.com,458.110.0220x9710,male,31,Machine Learning Engineer,8,10000,Product,2021-12-01,Brian Kirby,Senior Data Engineer,Invalid Number
31,Tammy,Walker,tammywalker30386@slingacademy.com,+1-810-034-9706x602,female,31,Web Developer,7,8500,Product,2018-05-10,Tammy Walker,Senior Data Engineer,Invalid Number
32,Angela,Stewart,angelastewart31951@slingacademy.com,745-157-5520,female,34,HR Manager,10,10000,Human Resource,2018-05-10,Angela Stewart,Senior Data Engineer,745-157-5520
33,Susan,Parker,susanparker32865@slingacademy.com,255.599.0102,female,25,DevOps Engineer,3,8500,Product,2021-12-01,Susan Parker,Data Engineer,255.599.0102
34,Robert,Hogan,roberthogan33599@slingacademy.com,1138662041,male,24,Tester,2,7000,Product,2018-05-10,Robert Hogan,System Engineer,1138662041
35,Dawn,Pham,dawnpham34908@slingacademy.com,(106)836-9118x102,female,27,Designer,4,9000,Product,2018-05-10,Dawn Pham,Data Engineer,Invalid Number
36,Karen,Duke,karenduke35869@slingacademy.com,622.245.2756,female,29,DevOps Engineer,6,11000,Product,2018-05-10,Karen Duke,Senior Data Engineer,622.245.2756
37,Julian,Thompson,julianthompson36437@slingacademy.com,392.181.9671x23227,male,28,Machine Learning Engineer,4,7000,Product,2019-09-15,Julian Thompson,Data Engineer,Invalid Number
38,Daisy,Perry,daisyperry37789@slingacademy.com,+1-921-685-9612x0086,female,30,Tester,5,9500,Product,2018-05-10,Daisy Perry,Data Engineer,Invalid Number
39,Sarah,Smith,sarahsmith38793@slingacademy.com,(110)771-1347x58805,female,24,Machine Learning Engineer,2,6000,Product,2022-04-30,Sarah Smith,System Engineer,Invalid Number
40,Eric,Randolph,ericrandolph39291@slingacademy.com,001-048-278-1814x8904,male,29,Designer,5,8500,Product,2019-09-15,Eric Randolph,Data Engineer,Invalid Number
41,William,Keller,williamkeller40838@slingacademy.com,903-521-4220x53915,male,30,Web Developer,4,8000,Product,2020-07-20,William Keller,Data Engineer,Invalid Number
42,George,Salas,georgesalas41217@slingacademy.com,088.890.2450x1927,male,35,Web Developer,11,10500,Product,2018-05-10,George Salas,Lead,Invalid Number
43,Alyssa,Archer,alyssaarcher42600@slingacademy.com,001-335-037-7267x43704,female,35,DevOps Engineer,13,15500,Product,2019-09-15,Alyssa Archer,Lead,Invalid Number
44,Daniel,Wagner,danielwagner43907@slingacademy.com,001-038-830-2184x508,male,35,HR Manager,11,12500,Human Resource,2022-04-30,Daniel Wagner,Lead,Invalid Number
45,David,Howard,davidhoward44518@slingacademy.com,(940)475-4836,male,33,Machine Learning Engineer,9,11500,Product,2019-09-15,David Howard,Senior Data Engineer,(940)475-4836
46,Brett,Friedman,brettfriedman45236@slingacademy.com,+1-548-885-3476x195,male,34,HR Manager,10,10000,Human Resource,2021-12-01,Brett Friedman,Senior Data Engineer,Invalid Number
47,Shaun,Harris,shaunharris46875@slingacademy.com,(279)621-2475,male,23,Designer,1,6500,Product,2021-12-01,Shaun Harris,System Engineer,(279)621-2475
48,Jason,Morris,jasonmorris47229@slingacademy.com,001-588-064-2677x4053,male,28,DevOps Engineer,5,9500,Product,2018-05-10,Jason Morris,Data Engineer,Invalid Number
49,Jesse,Mcdaniel,jessemcdaniel48348@slingacademy.com,600-434-1206x901,male,35,Mobile Developer,11,11500,Product,2018-05-10,Jesse Mcdaniel,Lead,Invalid Number
50,Jessica,Torres,jessicatorres49971@slingacademy.com,547-005-1763x2506,female,33,HR Manager,7,9500,Human Resource,2020-07-20,Jessica Torres,Senior Data Engineer,Invalid Number
51,Bradley,Garcia,bradleygarcia50896@slingacademy.com,(267)794-5965,male,29,Designer,3,6500,Product,2019-09-15,Bradley Garcia,Data Engineer,(267)794-5965
52,Christopher,Walker,christopherwalker51808@slingacademy.com,954.740.2159,male,25,Mobile Developer,1,5500,Product,2020-07-20,Christopher Walker,System Engineer,954.740.2159
53,Jason,Boyd,jasonboyd52182@slingacademy.com,001-199-903-4307x52539,male,39,Designer,14,15000,Product,2019-09-15,Jason Boyd,Lead,Invalid Number
54,Colleen,Cooper,colleencooper53362@slingacademy.com,001-075-516-4089x887,female,32,Machine Learning Engineer,7,10500,Product,2019-09-15,Colleen Cooper,Senior Data Engineer,Invalid Number
55,Laurie,Robinson,laurierobinson54980@slingacademy.com,989.611.2546,female,38,Mobile Developer,15,13500,Product,2022-04-30,Laurie Robinson,Lead,989.611.2546
56,Tiffany,Novak,tiffanynovak55365@slingacademy.com,528-213-5280x73418,female,35,Mobile Developer,12,12000,Product,2021-12-01,Tiffany Novak,Lead,Invalid Number
57,Sophia,Coleman,sophiacoleman56563@slingacademy.com,101.121.4803x8420,female,40,Tester,15,13500,Product,2022-04-30,Sophia Coleman,Lead,Invalid Number
58,Jodi,Harris,jodiharris57145@slingacademy.com,001-466-805-0485,female,34,DevOps Engineer,9,13500,Product,2019-09-15,Jodi Harris,Senior Data Engineer,001-466-805-0485
59,Michael,Calhoun,michaelcalhoun58176@slingacademy.com,001-931-707-3027,male,23,Web Developer,1,7500,Product,2018-05-10,Michael Calhoun,System Engineer,001-931-707-3027
60,Aaron,Tran,aarontran59178@slingacademy.com,+1-121-704-1976x1624,male,40,DevOps Engineer,15,16500,Product,2019-09-15,Aaron Tran,Lead,Invalid Number
61,Karen,Aguirre,karenaguirre60547@slingacademy.com,+1-159-954-5997x959,female,36,Web Developer,13,13500,Product,2018-05-10,Karen Aguirre,Lead,Invalid Number
62,Danielle,Morrison,daniellemorrison61394@slingacademy.com,001-256-780-2930x98623,female,31,HR Manager,7,9500,Human Resource,2018-05-10,Danielle Morrison,Senior Data Engineer,Invalid Number
63,Amanda,Thomas,amandathomas62614@slingacademy.com,001-629-462-1944,female,28,Web Developer,6,9000,Product,2020-07-20,Amanda Thomas,Senior Data Engineer,001-629-462-1944
64,Sarah,Spencer,sarahspencer63772@slingacademy.com,(025)089-0360,female,36,Tester,14,14000,Product,2020-07-20,Sarah Spencer,Lead,(025)089-0360
65,Jessica,Ho,jessicaho64531@slingacademy.com,251-289-1532,female,34,DevOps Engineer,10,12000,Product,2019-09-15,Jessica Ho,Senior Data Engineer,251-289-1532
66,Kristy,Rhodes,kristyrhodes65269@slingacademy.com,001-482-958-2236x124,female,40,Web Developer,15,13500,Product,2019-09-15,Kristy Rhodes,Lead,Invalid Number
67,Joseph,Hobbs,josephhobbs66797@slingacademy.com,114.830.3568x128,male,26,Mobile Developer,1,7500,Product,2022-04-30,Joseph Hobbs,System Engineer,Invalid Number
68,Allison,Matthews,allisonmatthews67756@slingacademy.com,(394)302-9258,female,35,Web Developer,12,12000,Product,2020-07-20,Allison Matthews,Lead,(394)302-9258
69,James,Phillips,jamesphillips68522@slingacademy.com,(733)967-0336,male,40,Web Developer,15,14500,Product,2022-04-30,James Phillips,Lead,(733)967-0336
70,Philip,Thomas,philipthomas69207@slingacademy.com,592-756-5695x9778,male,38,DevOps Engineer,12,15000,Product,2018-05-10,Philip Thomas,Lead,Invalid Number
71,Dawn,Walker,dawnwalker70868@slingacademy.com,+1-173-846-6935x7118,female,31,Mobile Developer,6,10000,Product,2020-07-20,Dawn Walker,Senior Data Engineer,Invalid Number
72,Denise,Lopez,deniselopez71911@slingacademy.com,597.328.1460,female,31,Designer,5,9500,Product,2020-07-20,Denise Lopez,Data Engineer,597.328.1460
73,Gregory,House,gregoryhouse72945@slingacademy.com,1541376919,male,34,HR Manager,9,9500,Human Resource,2019-09-15,Gregory House,Senior Data Engineer,1541376919
74,Stacie,Diaz,staciediaz73929@slingacademy.com,110.987.1187x01990,female,31,Machine Learning Engineer,6,11000,Product,2022-04-30,Stacie Diaz,Senior Data Engineer,Invalid Number
75,Barbara,Burns,barbaraburns74284@slingacademy.com,001-724-808-4339x05491,female,33,Web Developer,11,10500,Product,2022-04-30,Barbara Burns,Lead,Invalid Number
76,Jessica,Cortez,jessicacortez75317@slingacademy.com,768.794.6062,female,39,Tester,14,12000,Product,2022-04-30,Jessica Cortez,Lead,768.794.6062
77,Daniel,Hernandez,danielhernandez76747@slingacademy.com,+1-653-006-3659,male,33,Tester,7,9500,Product,2021-12-01,Daniel Hernandez,Senior Data Engineer,+1-653-006-3659
78,Eugene,Diaz,eugenediaz77610@slingacademy.com,625.556.6039x715,male,29,Machine Learning Engineer,3,9500,Product,2018-05-10,Eugene Diaz,Data Engineer,Invalid Number
79,Earl,Nelson,earlnelson78644@slingacademy.com,001-666-637-1061,male,34,Web Developer,11,12500,Product,2022-04-30,Earl Nelson,Lead,001-666-637-1061
80,Elizabeth,Jackson,elizabethjackson79562@slingacademy.com,129-182-2223x8234,female,28,DevOps Engineer,3,8500,Product,2021-12-01,Elizabeth Jackson,Data Engineer,Invalid Number
81,John,Martinez,johnmartinez80595@slingacademy.com,001-116-711-6587,male,26,Web Developer,4,7000,Product,2021-12-01,John Martinez,Data Engineer,001-116-711-6587
82,Wesley,Shaw,wesleyshaw81546@slingacademy.com,0250878834,male,26,Mobile Developer,1,6500,Product,2022-04-30,Wesley Shaw,System Engineer,0250878834
83,Michael,Davila,michaeldavila82958@slingacademy.com,9179864827,male,40,DevOps Engineer,14,16000,Product,2018-05-10,Michael Davila,Lead,9179864827
84,Heidi,Hill,heidihill83123@slingacademy.com,+1-480-021-8701x17016,female,40,Tester,15,12500,Product,2018-05-10,Heidi Hill,Lead,Invalid Number
85,Yvonne,Bass,yvonnebass84513@slingacademy.com,+1-872-139-6739x9455,female,33,Tester,8,9000,Product,2019-09-15,Yvonne Bass,Senior Data Engineer,Invalid Number
86,Jamie,Jones,jamiejones85266@slingacademy.com,001-039-712-8015,female,24,Web Developer,1,6500,Product,2020-07-20,Jamie Jones,System Engineer,001-039-712-8015
87,Brady,Washington,bradywashington86649@slingacademy.com,(720)496-1780x5033,male,23,Designer,1,5500,Product,2021-12-01,Brady Washington,System Engineer,Invalid Number
88,Michael,Rivera,michaelrivera87962@slingacademy.com,243-399-1129,male,29,Web Developer,3,6500,Product,2019-09-15,Michael Rivera,Data Engineer,243-399-1129
89,Angela,Morales,angelamorales88595@slingacademy.com,(340)684-6223x44918,female,28,Web Developer,4,9000,Product,2019-09-15,Angela Morales,Data Engineer,Invalid Number
90,Larry,Moore,larrymoore89266@slingacademy.com,320.169.9790x514,male,28,Web Developer,5,7500,Product,2021-12-01,Larry Moore,Data Engineer,Invalid Number
91,Veronica,Oliver,veronicaoliver90922@slingacademy.com,629-088-9248x536,female,25,Tester,2,7000,Product,2019-09-15,Veronica Oliver,System Engineer,Invalid Number
92,Clayton,Smith,claytonsmith91214@slingacademy.com,8318062400,male,27,Mobile Developer,2,6000,Product,2021-12-01,Clayton Smith,System Engineer,8318062400
93,Tamara,Randall,tamararandall92432@slingacademy.com,001-483-384-8547x78248,female,32,Mobile Developer,10,11000,Product,2022-04-30,Tamara Randall,Senior Data Engineer,Invalid Number
94,Amy,Vaughn,amyvaughn93722@slingacademy.com,542.795.3600x28212,female,28,Designer,5,11500,Product,2020-07-20,Amy Vaughn,Data Engineer,Invalid Number
95,Larry,Chapman,larrychapman94932@slingacademy.com,001-539-747-0649,male,35,Designer,12,12000,Product,2019-09-15,Larry Chapman,Lead,001-539-747-0649
96,Eugene,Mcintyre,eugenemcintyre95994@slingacademy.com,481-160-8125,male,25,HR Manager,2,7000,Human Resource,2018-05-10,Eugene Mcintyre,System Engineer,481-160-8125
97,Patricia,Suarez,patriciasuarez96379@slingacademy.com,(674)788-1168x659,female,41,Designer,15,16500,Product,2022-04-30,Patricia Suarez,Lead,Invalid Number
98,Melissa,Vasquez,melissavasquez97165@slingacademy.com,490-884-4764,female,35,DevOps Engineer,10,12000,Product,2021-12-01,Melissa Vasquez,Senior Data Engineer,490-884-4764
99,Stephanie,Hodges,stephaniehodges98715@slingacademy.com,001-651-909-2654x62888,female,38,Web Developer,14,14000,Product,2019-09-15,Stephanie Hodges,Lead,Invalid Number
100,Brian,Watkins,brianwatkins99160@slingacademy.com,2648820032,male,32,Web Developer,10,11000,Product,2019-09-15,Brian Watkins,Senior Data Engineer,2648820032
101,Zachary,Ellis,zacharyellis100141@slingacademy.com,+1-485-616-5391x8807,male,34,Tester,12,12000,Product,2020-07-20,Zachary Ellis,Lead,Invalid Number
102,Mark,Maxwell,markmaxwell101603@slingacademy.com,137-430-7223,male,28,Tester,4,9000,Product,2021-12-01,Mark Maxwell,Data Engineer,137-430-7223
103,Jill,Farmer,jillfarmer102620@slingacademy.com,0571661198,female,26,DevOps Engineer,4,9000,Product,2020-07-20,Jill Farmer,Data Engineer,0571661198
104,Rhonda,Park,rhondapark103796@slingacademy.com,498-878-6219,female,35,DevOps Engineer,12,13000,Product,2020-07-20,Rhonda Park,Lead,498-878-6219
105,Jessica,Park,jessicapark104881@slingacademy.com,874-348-4705,female,26,HR Manager,1,5500,Human Resource,2020-07-20,Jessica Park,System Engineer,874-348-4705
106,Keith,Bender,keithbender105366@slingacademy.com,001-243-891-5674x423,male,35,Machine Learning Engineer,10,10000,Product,2020-07-20,Keith Bender,Senior Data Engineer,Invalid Number
107,Andrew,Silva,andrewsilva106948@slingacademy.com,3782883279,male,35,HR Manager,12,11000,Human Resource,2022-04-30,Andrew Silva,Lead,3782883279
108,John,Escobar,johnescobar107306@slingacademy.com,661.598.4267x044,male,34,Mobile Developer,8,10000,Product,2020-07-20,John Escobar,Senior Data Engineer,Invalid Number
109,Savannah,Woods,savannahwoods108924@slingacademy.com,(084)639-6565x41150,female,23,Web Developer,1,5500,Product,2020-07-20,Savannah Woods,System Engineer,Invalid Number
110,Cameron,Solis,cameronsolis109983@slingacademy.com,+1-654-849-0805x279,male,36,Machine Learning Engineer,14,14000,Product,2021-12-01,Cameron Solis,Lead,Invalid Number
111,Patrick,Johnson,patrickjohnson110856@slingacademy.com,+1-538-767-6692x1656,male,36,Tester,12,13000,Product,2022-04-30,Patrick Johnson,Lead,Invalid Number
112,Nathan,Oconnor,nathanoconnor111395@slingacademy.com,189.488.8815x56036,male,37,Mobile Developer,11,11500,Product,2019-09-15,Nathan Oconnor,Lead,Invalid Number
113,Felicia,Fox,feliciafox112789@slingacademy.com,001-231-826-1761x9193,female,38,Web Developer,12,11000,Product,2022-04-30,Felicia Fox,Lead,Invalid Number
114,Nicole,Davis,nicoledavis113588@slingacademy.com,+1-352-114-7038x011,female,26,Web Developer,1,5500,Product,2021-12-01,Nicole Davis,System Engineer,Invalid Number
115,Gregory,Kirk,gregorykirk114408@slingacademy.com,(622)794-0249x585,male,39,Machine Learning Engineer,13,11500,Product,2018-05-10,Gregory Kirk,Lead,Invalid Number
116,Ashley,Carrillo,ashleycarrillo115726@slingacademy.com,001-097-500-5888,female,37,Tester,12,12000,Product,2021-12-01,Ashley Carrillo,Lead,001-097-500-5888
117,Brandon,White,brandonwhite116729@slingacademy.com,+1-197-659-8290x36913,male,31,Machine Learning Engineer,7,8500,Product,2019-09-15,Brandon White,Senior Data Engineer,Invalid Number
118,Joshua,Miles,joshuamiles117429@slingacademy.com,+1-810-231-0550,male,29,Web Developer,5,7500,Product,2019-09-15,Joshua Miles,Data Engineer,+1-810-231-0550
119,Gabriel,Shannon,gabrielshannon118996@slingacademy.com,001-435-888-3180x25244,male,33,DevOps Engineer,11,13500,Product,2022-04-30,Gabriel Shannon,Lead,Invalid Number
120,Charles,Chan,charleschan119980@slingacademy.com,077-570-4283,male,26,Machine Learning Engineer,2,7000,Product,2018-05-10,Charles Chan,System Engineer,077-570-4283
121,Stephanie,Hill,stephaniehill120240@slingacademy.com,(765)304-0263x230,female,38,DevOps Engineer,15,15500,Product,2020-07-20,Stephanie Hill,Lead,Invalid Number
122,Brian,Kelly,briankelly121771@slingacademy.com,+1-029-019-2206x665,male,38,DevOps Engineer,12,15000,Product,2019-09-15,Brian Kelly,Lead,Invalid Number
123,Susan,Lopez,susanlopez122522@slingacademy.com,573-472-7131,female,30,Machine Learning Engineer,8,9000,Product,2021-12-01,Susan Lopez,Senior Data Engineer,573-472-7131
124,Logan,Edwards,loganedwards123515@slingacademy.com,536.588.4331,male,36,Designer,14,16000,Product,2019-09-15,Logan Edwards,Lead,536.588.4331
125,Ryan,Young,ryanyoung124775@slingacademy.com,001-105-720-6802x583,male,36,DevOps Engineer,13,15500,Product,2020-07-20,Ryan Young,Lead,Invalid Number
126,Rebecca,Crawford,rebeccacrawford125111@slingacademy.com,(450)663-6253x153,female,37,Web Developer,13,11500,Product,2019-09-15,Rebecca Crawford,Lead,Invalid Number
127,Leslie,Sullivan,lesliesullivan126504@slingacademy.com,161.488.4614x1551,female,40,Tester,15,12500,Product,2021-12-01,Leslie Sullivan,Lead,Invalid Number
128,Andrew,Carey,andrewcarey127127@slingacademy.com,4267904671,male,24,DevOps Engineer,1,9500,Product,2021-12-01,Andrew Carey,System Engineer,4267904671
129,Richard,Sawyer,richardsawyer128529@slingacademy.com,(485)441-3528,male,30,Mobile Developer,8,11000,Product,2019-09-15,Richard Sawyer,Senior Data Engineer,(485)441-3528
130,Garrett,Nguyen,garrettnguyen129713@slingacademy.com,+1-370-218-5389x8154,male,36,Machine Learning Engineer,13,11500,Product,2018-05-10,Garrett Nguyen,Lead,Invalid Number
131,Cody,Zuniga,codyzuniga130555@slingacademy.com,911.596.7824x40746,male,35,DevOps Engineer,13,15500,Product,2021-12-01,Cody Zuniga,Lead,Invalid Number
132,James,Johnson,jamesjohnson131504@slingacademy.com,358.400.3210,male,31,Tester,9,9500,Product,2022-04-30,James Johnson,Senior Data Engineer,358.400.3210
133,Jamie,Ruiz,jamieruiz132870@slingacademy.com,001-015-657-5863x0258,female,27,Tester,4,7000,Product,2020-07-20,Jamie Ruiz,Data Engineer,Invalid Number
134,Brandi,Evans,brandievans133450@slingacademy.com,(388)123-2730x36223,female,29,Tester,5,8500,Product,2022-04-30,Brandi Evans,Data Engineer,Invalid Number
135,Jennifer,Obrien,jenniferobrien134415@slingacademy.com,001-576-701-2547,female,40,Mobile Developer,14,12000,Product,2020-07-20,Jennifer Obrien,Lead,001-576-701-2547
136,Whitney,Espinoza,whitneyespinoza135280@slingacademy.com,(395)465-0024x542,female,29,Machine Learning Engineer,7,11500,Product,2020-07-20,Whitney Espinoza,Senior Data Engineer,Invalid Number
137,Brandon,Rosario,brandonrosario136801@slingacademy.com,5804460236,male,26,Mobile Developer,4,8000,Product,2022-04-30,Brandon Rosario,Data Engineer,5804460236
138,Jennifer,Rhodes,jenniferrhodes137946@slingacademy.com,+1-182-210-6837x27845,female,29,Web Developer,4,8000,Product,2019-09-15,Jennifer Rhodes,Data Engineer,Invalid Number
139,Jordan,Michael,jordanmichael138385@slingacademy.com,(372)150-9511,female,27,Mobile Developer,3,7500,Product,2022-04-30,Jordan Michael,Data Engineer,(372)150-9511
140,James,Knight,jamesknight139390@slingacademy.com,325.002.8388x1091,male,26,Web Developer,3,8500,Product,2020-07-20,James Knight,Data Engineer,Invalid Number
141,Michelle,Ramirez,michelleramirez140449@slingacademy.com,923.789.8867x807,female,27,Machine Learning Engineer,3,8500,Product,2021-12-01,Michelle Ramirez,Data Engineer,Invalid Number
142,Peter,Mercado,petermercado141760@slingacademy.com,890-585-7726x64628,male,33,Mobile Developer,11,12500,Product,2018-05-10,Peter Mercado,Lead,Invalid Number
143,Jason,George,jasongeorge142858@slingacademy.com,001-431-125-6069,male,25,Machine Learning Engineer,2,9000,Product,2020-07-20,Jason George,System Engineer,001-431-125-6069
144,John,Arroyo,johnarroyo143863@slingacademy.com,6849186207,male,31,Machine Learning Engineer,5,7500,Product,2019-09-15,John Arroyo,Data Engineer,6849186207
145,Ashley,Mccann,ashleymccann144440@slingacademy.com,001-197-825-7624x4162,female,32,Web Developer,8,11000,Product,2022-04-30,Ashley Mccann,Senior Data Engineer,Invalid Number
146,John,Robinson,johnrobinson145915@slingacademy.com,(200)221-4696,male,31,DevOps Engineer,8,12000,Product,2019-09-15,John Robinson,Senior Data Engineer,(200)221-4696
147,Michael,Clark,michaelclark146199@slingacademy.com,(726)898-3126x779,male,32,Web Developer,6,8000,Product,2019-09-15,Michael Clark,Senior Data Engineer,Invalid Number
148,Julia,Howe,juliahowe147145@slingacademy.com,270-885-8330x203,female,33,Web Developer,8,9000,Product,2022-04-30,Julia Howe,Senior Data Engineer,Invalid Number
149,John,Roy,johnroy148826@slingacademy.com,001-579-003-5317x80657,male,31,DevOps Engineer,9,11500,Product,2019-09-15,John Roy,Senior Data Engineer,Invalid Number
150,Paul,Nguyen,paulnguyen149760@slingacademy.com,(601)907-3624x42015,male,39,Mobile Developer,14,12000,Product,2019-09-15,Paul Nguyen,Lead,Invalid Number
151,Chelsea,Lewis,chelsealewis150888@slingacademy.com,406-096-8891x1387,female,32,DevOps Engineer,10,13000,Product,2022-04-30,Chelsea Lewis,Senior Data Engineer,Invalid Number
152,Austin,Bell,austinbell151766@slingacademy.com,819-364-7742x938,male,40,DevOps Engineer,15,16500,Product,2019-09-15,Austin Bell,Lead,Invalid Number
153,Paul,Allen,paulallen152619@slingacademy.com,2104766565,male,28,Mobile Developer,2,8000,Product,2018-05-10,Paul Allen,System Engineer,2104766565
154,Gary,Oliver,garyoliver153551@slingacademy.com,001-307-413-8100,male,29,Mobile Developer,4,7000,Product,2022-04-30,Gary Oliver,Data Engineer,001-307-413-8100
155,Diana,Bowers,dianabowers154842@slingacademy.com,(472)461-2314,female,29,Web Developer,3,7500,Product,2022-04-30,Diana Bowers,Data Engineer,(472)461-2314
156,Cody,Peters,codypeters155367@slingacademy.com,+1-538-563-4682x108,male,39,Mobile Developer,15,13500,Product,2022-04-30,Cody Peters,Lead,Invalid Number
157,Cameron,Gonzalez,camerongonzalez156781@slingacademy.com,001-671-656-9205,male,35,DevOps Engineer,13,14500,Product,2020-07-20,Cameron Gonzalez,Lead,001-671-656-9205
158,Shelia,Benson,sheliabenson157744@slingacademy.com,001-433-182-3042x4134,female,26,Mobile Developer,3,6500,Product,2018-05-10,Shelia Benson,Data Engineer,Invalid Number
159,Jacqueline,Brooks,jacquelinebrooks158463@slingacademy.com,803-716-9920,female,33,DevOps Engineer,10,14000,Product,2019-09-15,Jacqueline Brooks,Senior Data Engineer,803-716-9920
160,William,Turner,williamturner159974@slingacademy.com,611.777.0181,male,33,Web Developer,11,12500,Product,2020-07-20,William Turner,Lead,611.777.0181
161,Lisa,Logan,lisalogan160552@slingacademy.com,631.001.6670x895,female,37,Web Developer,15,12500,Product,2021-12-01,Lisa Logan,Lead,Invalid Number
162,Jeffery,Jones,jefferyjones161216@slingacademy.com,001-510-870-8941x9602,male,37,Mobile Developer,12,12000,Product,2018-05-10,Jeffery Jones,Lead,Invalid Number
163,Scott,Li,scottli162771@slingacademy.com,001-609-806-7966x06117,male,30,Mobile Developer,5,8500,Product,2022-04-30,Scott Li,Data Engineer,Invalid Number
164,Chad,Roberson,chadroberson163525@slingacademy.com,001-589-932-4079,male,34,Mobile Developer,8,11000,Product,2018-05-10,Chad Roberson,Senior Data Engineer,001-589-932-4079
165,Ariana,Hernandez,arianahernandez164467@slingacademy.com,502-552-5808,female,28,Web Developer,6,8000,Product,2018-05-10,Ariana Hernandez,Senior Data Engineer,502-552-5808
166,Wanda,Forbes,wandaforbes165141@slingacademy.com,666-855-7253x02322,female,29,Mobile Developer,7,10500,Product,2019-09-15,Wanda Forbes,Senior Data Engineer,Invalid Number
167,Edwin,Cortez,edwincortez166250@slingacademy.com,675.301.0657x798,male,33,Web Developer,9,9500,Product,2019-09-15,Edwin Cortez,Senior Data Engineer,Invalid Number
168,Sharon,Smith,sharonsmith167760@slingacademy.com,(485)519-9948x286,female,34,DevOps Engineer,8,11000,Product,2019-09-15,Sharon Smith,Senior Data Engineer,Invalid Number
169,Sherry,Oliver,sherryoliver168772@slingacademy.com,(104)702-6330,female,33,DevOps Engineer,7,11500,Product,2021-12-01,Sherry Oliver,Senior Data Engineer,(104)702-6330
170,Eric,Moses,ericmoses169891@slingacademy.com,+1-443-662-4948x52464,male,36,Web Developer,12,12000,Product,2022-04-30,Eric Moses,Lead,Invalid Number
171,James,Ruiz,jamesruiz170534@slingacademy.com,001-589-861-6693x6009,male,27,Mobile Developer,3,8500,Product,2018-05-10,James Ruiz,Data Engineer,Invalid Number
172,Julie,Barber,juliebarber171592@slingacademy.com,600.551.1953x989,female,27,DevOps Engineer,1,7500,Product,2021-12-01,Julie Barber,System Engineer,Invalid Number
173,Becky,Mcpherson,beckymcpherson172514@slingacademy.com,+1-373-821-4858x946,female,28,Web Developer,5,7500,Product,2022-04-30,Becky Mcpherson,Data Engineer,Invalid Number
174,Nicole,Aguilar,nicoleaguilar173929@slingacademy.com,(114)183-5226x2535,female,26,Web Developer,1,7500,Product,2018-05-10,Nicole Aguilar,System Engineer,Invalid Number
175,Melissa,Lee,melissalee174832@slingacademy.com,262-107-4732,female,32,Mobile Developer,9,9500,Product,2019-09-15,Melissa Lee,Senior Data Engineer,262-107-4732
176,Ariana,Cochran,arianacochran175831@slingacademy.com,+1-248-824-7621,female,36,Web Developer,10,12000,Product,2018-05-10,Ariana Cochran,Senior Data Engineer,+1-248-824-7621
177,Lisa,Carpenter,lisacarpenter176388@slingacademy.com,9008123667,female,32,Mobile Developer,9,9500,Product,2022-04-30,Lisa Carpenter,Senior Data Engineer,9008123667
178,Julie,Wilson,juliewilson177313@slingacademy.com,+1-671-886-0776x042,female,28,Mobile Developer,4,7000,Product,2018-05-10,Julie Wilson,Data Engineer,Invalid Number
179,Martin,Crawford,martincrawford178513@slingacademy.com,001-938-266-9979x463,male,23,Mobile Developer,1,5500,Product,2021-12-01,Martin Crawford,System Engineer,Invalid Number
180,Daniel,Peterson,danielpeterson179804@slingacademy.com,240.063.9329x8093,male,27,DevOps Engineer,5,10500,Product,2021-12-01,Daniel Peterson,Data Engineer,Invalid Number
181,Eric,Lambert,ericlambert180283@slingacademy.com,710-838-5229,male,36,Mobile Developer,10,10000,Product,2021-12-01,Eric Lambert,Senior Data Engineer,710-838-5229
182,Marcia,Huerta,marciahuerta181175@slingacademy.com,001-611-947-0019x85361,female,32,Web Developer,6,8000,Product,2021-12-01,Marcia Huerta,Senior Data Engineer,Invalid Number
183,Jason,Ortiz,jasonortiz182754@slingacademy.com,+1-614-334-4322x00332,male,33,Mobile Developer,9,9500,Product,2020-07-20,Jason Ortiz,Senior Data Engineer,Invalid Number
184,Keith,Thomas,keiththomas183439@slingacademy.com,001-214-721-0561x945,male,28,Mobile Developer,5,9500,Product,2018-05-10,Keith Thomas,Data Engineer,Invalid Number
185,Sarah,Freeman,sarahfreeman184758@slingacademy.com,786.837.6975x132,female,32,DevOps Engineer,9,13500,Product,2020-07-20,Sarah Freeman,Senior Data Engineer,Invalid Number
186,Michael,Galvan,michaelgalvan185989@slingacademy.com,+1-122-284-2113,male,28,Web Developer,2,8000,Product,2022-04-30,Michael Galvan,System Engineer,+1-122-284-2113
187,Michael,Warner,michaelwarner186194@slingacademy.com,790-287-4075,male,29,Mobile Developer,5,7500,Product,2020-07-20,Michael Warner,Data Engineer,790-287-4075
188,Larry,Thompson,larrythompson187420@slingacademy.com,001-227-811-0040x004,male,39,Web Developer,14,12000,Product,2022-04-30,Larry Thompson,Lead,Invalid Number
189,James,Miller,jamesmiller188412@slingacademy.com,(124)599-3895x76772,male,37,Mobile Developer,15,13500,Product,2022-04-30,James Miller,Lead,Invalid Number
190,James,Steele,jamessteele189191@slingacademy.com,839-171-3582x4182,male,35,Web Developer,10,10000,Product,2019-09-15,James Steele,Senior Data Engineer,Invalid Number
191,Joseph,Beck,josephbeck190237@slingacademy.com,+1-621-014-2831x0646,male,35,Mobile Developer,11,12500,Product,2018-05-10,Joseph Beck,Lead,Invalid Number
192,Wayne,Cohen,waynecohen191993@slingacademy.com,(304)813-7854x1708,male,31,Web Developer,8,11000,Product,2021-12-01,Wayne Cohen,Senior Data Engineer,Invalid Number
193,Bailey,Reilly,baileyreilly192786@slingacademy.com,607.511.9983x28152,female,26,Mobile Developer,1,5500,Product,2021-12-01,Bailey Reilly,System Engineer,Invalid Number
194,Yolanda,Smith,yolandasmith193826@slingacademy.com,(407)091-5393x213,female,30,Mobile Developer,7,10500,Product,2022-04-30,Yolanda Smith,Senior Data Engineer,Invalid Number
195,Kathleen,Leblanc,kathleenleblanc194890@slingacademy.com,401-896-0371x40763,female,29,Web Developer,4,9000,Product,2020-07-20,Kathleen Leblanc,Data Engineer,Invalid Number
196,Christina,Garza,christinagarza195263@slingacademy.com,273-987-3115,female,27,DevOps Engineer,4,9000,Product,2020-07-20,Christina Garza,Data Engineer,273-987-3115
197,Jennifer,Jarvis,jenniferjarvis196139@slingacademy.com,063-012-6389x05736,female,28,Mobile Developer,6,9000,Product,2018-05-10,Jennifer Jarvis,Senior Data Engineer,Invalid Number
198,Jesse,Smith,jessesmith197279@slingacademy.com,+1-701-460-3317x90916,male,37,Web Developer,11,12500,Product,2018-05-10,Jesse Smith,Lead,Invalid Number
199,Melissa,Richardson,melissarichardson198110@slingacademy.com,001-296-935-6456x91442,female,29,Mobile Developer,5,9500,Product,2019-09-15,Melissa Richardson,Data Engineer,Invalid Number
200,Michele,Stewart,michelestewart199951@slingacademy.com,944.042.1529,female,29,DevOps Engineer,7,12500,Product,2022-04-30,Michele Stewart,Senior Data Engineer,944.042.1529
201,Jeremy,Gilbert,jeremygilbert200282@slingacademy.com,970-269-2119x437,male,29,Mobile Developer,4,9000,Product,2018-05-10,Jeremy Gilbert,Data Engineer,Invalid Number
202,Kevin,Valentine,kevinvalentine201488@slingacademy.com,+1-399-375-1890x40884,male,33,Web Developer,10,11000,Product,2018-05-10,Kevin Valentine,Senior Data Engineer,Invalid Number
203,Suzanne,Hurst,suzannehurst202425@slingacademy.com,2176055492,female,26,Mobile Developer,3,7500,Product,2020-07-20,Suzanne Hurst,Data Engineer,2176055492
204,Janet,Stephens,janetstephens203449@slingacademy.com,696-753-3875,female,36,Web Developer,14,12000,Product,2022-04-30,Janet Stephens,Lead,696-753-3875
205,Michael,Hoover,michaelhoover204983@slingacademy.com,(791)222-1972x3424,male,38,DevOps Engineer,13,15500,Product,2018-05-10,Michael Hoover,Lead,Invalid Number
206,Terry,Jones,terryjones205228@slingacademy.com,905.333.2209x0122,male,34,Web Developer,10,12000,Product,2020-07-20,Terry Jones,Senior Data Engineer,Invalid Number
207,Breanna,Love,breannalove206374@slingacademy.com,(251)970-0774x9187,female,26,Web Developer,2,8000,Product,2020-07-20,Breanna Love,System Engineer,Invalid Number
208,Elijah,Mcguire,elijahmcguire207166@slingacademy.com,430.390.1485x7262,male,28,Web Developer,2,8000,Product,2018-05-10,Elijah Mcguire,System Engineer,Invalid Number
209,Paige,Bell,paigebell208379@slingacademy.com,930-636-6697x67326,female,34,Mobile Developer,10,12000,Product,2019-09-15,Paige Bell,Senior Data Engineer,Invalid Number
210,Lauren,Logan,laurenlogan209754@slingacademy.com,001-449-766-2057,female,29,Web Developer,3,6500,Product,2019-09-15,Lauren Logan,Data Engineer,001-449-766-2057
211,Gary,Watson,garywatson210844@slingacademy.com,001-099-534-3868x24842,male,35,Mobile Developer,12,12000,Product,2019-09-15,Gary Watson,Lead,Invalid Number
212,Andrea,Miller,andreamiller211593@slingacademy.com,(902)165-6805,female,38,Web Developer,13,13500,Product,2018-05-10,Andrea Miller,Lead,(902)165-6805
213,Stephen,Anderson,stephenanderson212709@slingacademy.com,730-398-8945,male,29,Web Developer,6,10000,Product,2020-07-20,Stephen Anderson,Senior Data Engineer,730-398-8945
214,Erica,Montgomery,ericamontgomery213699@slingacademy.com,(412)713-8016x79949,female,26,Web Developer,2,8000,Product,2020-07-20,Erica Montgomery,System Engineer,Invalid Number
215,Mitchell,Olson,mitchellolson214954@slingacademy.com,+1-352-025-4146x308,male,25,Mobile Developer,3,7500,Product,2018-05-10,Mitchell Olson,Data Engineer,Invalid Number
216,Brenda,Leonard,brendaleonard215112@slingacademy.com,(451)560-3184x350,female,23,Mobile Developer,1,7500,Product,2019-09-15,Brenda Leonard,System Engineer,Invalid Number
217,Sandra,Scott,sandrascott216500@slingacademy.com,420.609.2090,female,28,Web Developer,5,8500,Product,2019-09-15,Sandra Scott,Data Engineer,420.609.2090
218,Terry,Jackson,terryjackson217122@slingacademy.com,(217)802-5632x0440,male,39,Web Developer,14,13000,Product,2021-12-01,Terry Jackson,Lead,Invalid Number
219,John,Palmer,johnpalmer218164@slingacademy.com,(206)349-1934x449,male,37,Mobile Developer,14,14000,Product,2022-04-30,John Palmer,Lead,Invalid Number
220,Brenda,Tapia,brendatapia219999@slingacademy.com,989-757-9111,female,37,Web Developer,11,11500,Product,2021-12-01,Brenda Tapia,Lead,989-757-9111
221,Donald,Gordon,donaldgordon220327@slingacademy.com,004.508.2105,male,32,Mobile Developer,6,9000,Product,2018-05-10,Donald Gordon,Senior Data Engineer,004.508.2105
222,David,Long,davidlong221467@slingacademy.com,095.663.3357,male,33,Mobile Developer,11,11500,Product,2019-09-15,David Long,Lead,095.663.3357
223,Michael,Pratt,michaelpratt222638@slingacademy.com,001-149-139-6964,male,38,Mobile Developer,12,12000,Product,2018-05-10,Michael Pratt,Lead,001-149-139-6964
224,Jessica,West,jessicawest223110@slingacademy.com,140.721.9576x9819,female,32,Mobile Developer,10,12000,Product,2019-09-15,Jessica West,Senior Data Engineer,Invalid Number
225,David,Jennings,davidjennings224703@slingacademy.com,313.810.6293x369,male,41,Web Developer,15,12500,Product,2021-12-01,David Jennings,Lead,Invalid Number
226,Alicia,Perry,aliciaperry225119@slingacademy.com,311-298-4100,female,27,Mobile Developer,1,7500,Product,2018-05-10,Alicia Perry,System Engineer,311-298-4100
227,Karen,Marsh,karenmarsh226577@slingacademy.com,001-710-599-6824x74838,female,28,Web Developer,3,7500,Product,2019-09-15,Karen Marsh,Data Engineer,Invalid Number
228,Richard,Holder,richardholder227991@slingacademy.com,+1-977-600-1087x6268,male,35,Web Developer,10,11000,Product,2021-12-01,Richard Holder,Senior Data Engineer,Invalid Number
229,Ryan,Ponce,ryanponce228931@slingacademy.com,5497597305,male,33,Mobile Developer,7,9500,Product,2022-04-30,Ryan Ponce,Senior Data Engineer,5497597305
230,Eddie,Riley,eddieriley229421@slingacademy.com,+1-976-524-6785,male,25,Mobile Developer,1,7500,Product,2021-12-01,Eddie Riley,System Engineer,+1-976-524-6785
231,Zachary,Scott,zacharyscott230288@slingacademy.com,543-674-1419x7292,male,27,Mobile Developer,2,8000,Product,2019-09-15,Zachary Scott,System Engineer,Invalid Number
232,Kenneth,Nelson,kennethnelson231464@slingacademy.com,947.820.6507x32405,male,32,Mobile Developer,8,10000,Product,2021-12-01,Kenneth Nelson,Senior Data Engineer,Invalid Number
233,Edgar,Lane,edgarlane232635@slingacademy.com,5537213761,male,28,Web Developer,6,10000,Product,2020-07-20,Edgar Lane,Senior Data Engineer,5537213761
234,Jeremy,Cox,jeremycox233206@slingacademy.com,+1-155-126-0581x524,male,31,Web Developer,5,9500,Product,2021-12-01,Jeremy Cox,Data Engineer,Invalid Number
235,Rhonda,Hernandez,rhondahernandez234932@slingacademy.com,767-860-5296,female,37,Mobile Developer,15,14500,Product,2021-12-01,Rhonda Hernandez,Lead,767-860-5296
236,Ashley,Gilbert,ashleygilbert235162@slingacademy.com,+1-414-913-8588x9103,female,33,Mobile Developer,9,11500,Product,2022-04-30,Ashley Gilbert,Senior Data Engineer,Invalid Number
237,Shawn,Shaw,shawnshaw236298@slingacademy.com,919-763-5353,male,36,Mobile Developer,13,12500,Product,2019-09-15,Shawn Shaw,Lead,919-763-5353
238,Ryan,Davis,ryandavis237462@slingacademy.com,(778)856-1719x931,male,29,Mobile Developer,3,8500,Product,2021-12-01,Ryan Davis,Data Engineer,Invalid Number
239,Kristin,Bradley,kristinbradley238626@slingacademy.com,(402)457-2111,female,34,Web Developer,12,11000,Product,2019-09-15,Kristin Bradley,Lead,(402)457-2111
240,Christopher,Drake,christopherdrake239403@slingacademy.com,659-857-8858,male,31,Mobile Developer,9,9500,Product,2020-07-20,Christopher Drake,Senior Data Engineer,659-857-8858
241,Justin,Clark,justinclark240285@slingacademy.com,094.521.1972x38513,male,30,Web Developer,8,11000,Product,2022-04-30,Justin Clark,Senior Data Engineer,Invalid Number
242,Scott,Owens,scottowens241483@slingacademy.com,487.884.3426x95702,male,35,Web Developer,11,12500,Product,2021-12-01,Scott Owens,Lead,Invalid Number
243,Rebecca,Nelson,rebeccanelson242256@slingacademy.com,+1-319-257-8912x87517,female,23,Mobile Developer,1,7500,Product,2022-04-30,Rebecca Nelson,System Engineer,Invalid Number
244,Erin,Green,eringreen243810@slingacademy.com,765-014-8238x735,female,23,Web Developer,1,6500,Product,2019-09-15,Erin Green,System Engineer,Invalid Number
245,Paul,Page,paulpage244408@slingacademy.com,001-548-349-5980x11429,male,26,Mobile Developer,1,5500,Product,2020-07-20,Paul Page,System Engineer,Invalid Number
246,Jamie,Ball,jamieball245345@slingacademy.com,001-521-608-0441,female,25,Mobile Developer,3,6500,Product,2020-07-20,Jamie Ball,Data Engineer,001-521-608-0441
247,Sonya,Williams,sonyawilliams246780@slingacademy.com,001-534-324-6100x2516,female,30,Mobile Developer,4,7000,Product,2019-09-15,Sonya Williams,Data Engineer,Invalid Number
248,Leslie,Burton,leslieburton247488@slingacademy.com,279-096-0603,female,38,Web Developer,15,12500,Product,2020-07-20,Leslie Burton,Lead,279-096-0603
249,Daniel,Joseph,danieljoseph248143@slingacademy.com,101-113-1630x442,male,32,Web Developer,10,10000,Product,2018-05-10,Daniel Joseph,Senior Data Engineer,Invalid Number
250,Julie,Grimes,juliegrimes249118@slingacademy.com,671-825-5709,female,32,Web Developer,10,11000,Product,2022-04-30,Julie Grimes,Senior Data Engineer,671-825-5709
251,Michael,Davis,michaeldavis250373@slingacademy.com,771.340.7743x808,male,29,Mobile Developer,6,10000,Product,2018-05-10,Michael Davis,Senior Data Engineer,Invalid Number
252,Stephen,Hoover,stephenhoover251356@slingacademy.com,001-012-427-6550,male,29,Mobile Developer,6,8000,Product,2018-05-10,Stephen Hoover,Senior Data Engineer,001-012-427-6550
253,Damon,Sanders,damonsanders252816@slingacademy.com,0176247153,male,31,Web Developer,6,9000,Product,2022-04-30,Damon Sanders,Senior Data Engineer,0176247153
254,Adam,Pratt,adampratt253273@slingacademy.com,829.922.4683,male,37,Web Developer,14,14000,Product,2022-04-30,Adam Pratt,Lead,829.922.4683
255,Jesse,Gonzalez,jessegonzalez254731@slingacademy.com,853.691.9747,male,25,Web Developer,3,8500,Product,2020-07-20,Jesse Gonzalez,Data Engineer,853.691.9747
256,Debra,Cruz,debracruz255511@slingacademy.com,481.706.7985x840,female,36,Mobile Developer,13,13500,Product,2022-04-30,Debra Cruz,Lead,Invalid Number
257,Gregory,Smith,gregorysmith256470@slingacademy.com,+1-044-346-7655x68675,male,31,Mobile Developer,5,7500,Product,2020-07-20,Gregory Smith,Data Engineer,Invalid Number
258,Natasha,Cook,natashacook257144@slingacademy.com,975-551-0070,female,35,Web Developer,11,10500,Product,2018-05-10,Natasha Cook,Lead,975-551-0070
259,Robert,Weber,robertweber258728@slingacademy.com,018.297.6175x4163,male,32,Mobile Developer,7,9500,Product,2020-07-20,Robert Weber,Senior Data Engineer,Invalid Number
260,Carly,Thompson,carlythompson259241@slingacademy.com,(850)197-6611,female,27,Web Developer,1,5500,Product,2021-12-01,Carly Thompson,System Engineer,(850)197-6611
261,Maureen,Campbell,maureencampbell260229@slingacademy.com,168-469-7587,female,29,Mobile Developer,7,9500,Product,2022-04-30,Maureen Campbell,Senior Data Engineer,168-469-7587
262,Alex,Brown,alexbrown261949@slingacademy.com,259.588.0503x6257,male,31,Web Developer,5,9500,Product,2019-09-15,Alex Brown,Data Engineer,Invalid Number
263,Breanna,Allen,breannaallen262722@slingacademy.com,+1-160-924-8899x786,female,38,Mobile Developer,14,12000,Product,2020-07-20,Breanna Allen,Lead,Invalid Number
264,Michael,Pearson,michaelpearson263989@slingacademy.com,8006107617,male,30,Web Developer,4,7000,Product,2021-12-01,Michael Pearson,Data Engineer,8006107617
265,Cheryl,Lewis,cheryllewis264411@slingacademy.com,(806)267-8045,female,28,Web Developer,6,8000,Product,2019-09-15,Cheryl Lewis,Senior Data Engineer,(806)267-8045
266,Megan,Brown,meganbrown265895@slingacademy.com,596-551-1329,female,23,Web Developer,1,6500,Product,2018-05-10,Megan Brown,System Engineer,596-551-1329
267,Linda,Haynes,lindahaynes266984@slingacademy.com,331-850-1266x1106,female,29,Mobile Developer,7,8500,Product,2019-09-15,Linda Haynes,Senior Data Engineer,Invalid Number
268,Kathy,Palmer,kathypalmer267804@slingacademy.com,(616)797-1560x17533,female,36,Web Developer,12,11000,Product,2019-09-15,Kathy Palmer,Lead,Invalid Number
269,Tammy,Ball,tammyball268170@slingacademy.com,8439547062,female,23,Mobile Developer,1,5500,Product,2019-09-15,Tammy Ball,System Engineer,8439547062
270,Samuel,Reed,samuelreed269624@slingacademy.com,001-177-232-8430x261,male,34,Mobile Developer,8,10000,Product,2022-04-30,Samuel Reed,Senior Data Engineer,Invalid Number
271,Erik,Page,erikpage270609@slingacademy.com,+1-859-269-6655,male,32,Web Developer,9,10500,Product,2021-12-01,Erik Page,Senior Data Engineer,+1-859-269-6655
272,Tristan,Price,tristanprice271230@slingacademy.com,001-369-038-1224,male,38,Mobile Developer,15,12500,Product,2018-05-10,Tristan Price,Lead,001-369-038-1224
273,Natalie,Skinner,natalieskinner272142@slingacademy.com,+1-655-446-8826x40636,female,34,Mobile Developer,12,12000,Product,2018-05-10,Natalie Skinner,Lead,Invalid Number
274,Nicole,Castro,nicolecastro273516@slingacademy.com,(185)855-4760x61049,female,34,Web Developer,9,10500,Product,2019-09-15,Nicole Castro,Senior Data Engineer,Invalid Number
275,Natasha,Hughes,natashahughes274687@slingacademy.com,+1-124-853-7387x3710,female,28,Mobile Developer,6,9000,Product,2019-09-15,Natasha Hughes,Senior Data Engineer,Invalid Number
276,Pamela,Herrera,pamelaherrera275422@slingacademy.com,400-991-8270x7992,female,32,Web Developer,6,8000,Product,2019-09-15,Pamela Herrera,Senior Data Engineer,Invalid Number
277,Gary,Houston,garyhouston276947@slingacademy.com,(487)936-5416x279,male,25,Mobile Developer,1,6500,Product,2018-05-10,Gary Houston,System Engineer,Invalid Number
278,Peter,Johnson,peterjohnson277327@slingacademy.com,+1-219-520-1055x479,male,27,Mobile Developer,5,7500,Product,2019-09-15,Peter Johnson,Data Engineer,Invalid Number
279,April,Houston,aprilhouston278122@slingacademy.com,001-825-098-6223x1127,female,27,Mobile Developer,3,6500,Product,2018-05-10,April Houston,Data Engineer,Invalid Number
280,Adam,Martinez,adammartinez279637@slingacademy.com,910.407.8536x8933,male,35,Mobile Developer,9,11500,Product,2019-09-15,Adam Martinez,Senior Data Engineer,Invalid Number
281,William,Peters,williampeters280898@slingacademy.com,599.847.1624x20379,male,30,Web Developer,7,8500,Product,2021-12-01,William Peters,Senior Data Engineer,Invalid Number
282,Meagan,Henderson,meaganhenderson281151@slingacademy.com,373-405-5460x036,female,30,Web Developer,8,9000,Product,2021-12-01,Meagan Henderson,Senior Data Engineer,Invalid Number
283,Charles,West,charleswest282127@slingacademy.com,524-024-2894x074,male,26,Web Developer,2,8000,Product,2021-12-01,Charles West,System Engineer,Invalid Number
284,Rebecca,Jackson,rebeccajackson283741@slingacademy.com,(112)301-1517,female,27,Mobile Developer,2,8000,Product,2021-12-01,Rebecca Jackson,System Engineer,(112)301-1517
285,Alec,Maldonado,alecmaldonado284453@slingacademy.com,+1-484-025-5906,male,33,Mobile Developer,7,9500,Product,2022-04-30,Alec Maldonado,Senior Data Engineer,+1-484-025-5906
286,Michele,Edwards,micheleedwards285969@slingacademy.com,4055420736,female,40,Web Developer,14,12000,Product,2022-04-30,Michele Edwards,Lead,4055420736
287,John,Hall,johnhall286107@slingacademy.com,067.730.7206x26078,male,36,Web Developer,12,13000,Product,2019-09-15,John Hall,Lead,Invalid Number
288,Justin,Perry,justinperry287419@slingacademy.com,275.822.1785x29297,male,41,Mobile Developer,15,14500,Product,2021-12-01,Justin Perry,Lead,Invalid Number
289,Lauren,Norton,laurennorton288284@slingacademy.com,911.635.9394x29045,female,27,Web Developer,3,6500,Product,2021-12-01,Lauren Norton,Data Engineer,Invalid Number
290,Omar,Soto,omarsoto289950@slingacademy.com,001-774-441-0174x8586,male,30,Web Developer,5,8500,Product,2020-07-20,Omar Soto,Data Engineer,Invalid Number
291,Michael,Howard,michaelhoward290216@slingacademy.com,6585788235,male,39,Web Developer,15,14500,Product,2022-04-30,Michael Howard,Lead,6585788235
292,Kathleen,Green,kathleengreen291790@slingacademy.com,001-923-032-1044x57810,female,35,Mobile Developer,9,10500,Product,2020-07-20,Kathleen Green,Senior Data Engineer,Invalid Number
293,Kent,Thompson,kentthompson292193@slingacademy.com,+1-691-327-2406x73013,male,38,Web Developer,13,11500,Product,2018-05-10,Kent Thompson,Lead,Invalid Number
294,Benjamin,Wilson,benjaminwilson293449@slingacademy.com,628-559-3098x06279,male,24,Mobile Developer,1,5500,Product,2020-07-20,Benjamin Wilson,System Engineer,Invalid Number
295,Steven,Vaughn,stevenvaughn294759@slingacademy.com,901.710.4683x57441,male,32,Mobile Developer,10,11000,Product,2021-12-01,Steven Vaughn,Senior Data Engineer,Invalid Number
296,Michael,Tyler,michaeltyler295487@slingacademy.com,785-352-2310,male,33,Web Developer,11,10500,Product,2021-12-01,Michael Tyler,Lead,785-352-2310
297,Richard,Lin,richardlin296285@slingacademy.com,471-829-6568,male,28,Web Developer,6,10000,Product,2018-05-10,Richard Lin,Senior Data Engineer,471-829-6568
298,Jennifer,Williams,jenniferwilliams297896@slingacademy.com,282.970.3806x592,female,37,Web Developer,13,12500,Product,2019-09-15,Jennifer Williams,Lead,Invalid Number
299,Shelley,Hubbard,shelleyhubbard298845@slingacademy.com,421-623-0945x9287,female,30,Web Developer,7,8500,Product,2020-07-20,Shelley Hubbard,Senior Data Engineer,Invalid Number
300,Sean,Choi,seanchoi299793@slingacademy.com,(533)756-8696x245,male,28,Web Developer,2,7000,Product,2022-04-30,Sean Choi,System Engineer,Invalid Number
301,Marie,Gross,mariegross300870@slingacademy.com,(634)561-4487x82457,female,32,Web Developer,7,8500,Product,2018-05-10,Marie Gross,Senior Data Engineer,Invalid Number
302,Tracy,Leon,tracyleon301263@slingacademy.com,780.596.2863x992,female,32,Web Developer,8,11000,Product,2019-09-15,Tracy Leon,Senior Data Engineer,Invalid Number
303,Steven,Peterson,stevenpeterson302672@slingacademy.com,001-509-989-9496x2175,male,35,Web Developer,12,11000,Product,2018-05-10,Steven Peterson,Lead,Invalid Number
304,Justin,Webster,justinwebster303292@slingacademy.com,001-990-293-4626,male,32,Web Developer,8,11000,Product,2022-04-30,Justin Webster,Senior Data Engineer,001-990-293-4626
305,Courtney,Stanley,courtneystanley304326@slingacademy.com,625.311.0983x89652,female,28,Web Developer,4,7000,Product,2021-12-01,Courtney Stanley,Data Engineer,Invalid Number
306,Walter,Crawford,waltercrawford305879@slingacademy.com,(477)112-0518,male,34,Web Developer,12,12000,Product,2022-04-30,Walter Crawford,Lead,(477)112-0518
307,Danielle,Sparks,daniellesparks306675@slingacademy.com,(670)805-6201x50813,female,26,Web Developer,2,8000,Product,2021-12-01,Danielle Sparks,System Engineer,Invalid Number
308,Cheryl,Rose,cherylrose307221@slingacademy.com,+1-058-620-9983x70605,female,26,Web Developer,4,7000,Product,2022-04-30,Cheryl Rose,Data Engineer,Invalid Number
309,Justin,Mann,justinmann308432@slingacademy.com,718-998-3978,male,25,Web Developer,3,7500,Product,2022-04-30,Justin Mann,Data Engineer,718-998-3978
310,Vanessa,Carter,vanessacarter309183@slingacademy.com,(620)811-3763,female,26,Web Developer,1,5500,Product,2020-07-20,Vanessa Carter,System Engineer,(620)811-3763
311,Anthony,Colon,anthonycolon310698@slingacademy.com,001-388-080-7123x3000,male,34,Web Developer,12,12000,Product,2019-09-15,Anthony Colon,Lead,Invalid Number
312,April,Holland,aprilholland311155@slingacademy.com,001-527-705-3200x648,female,37,Web Developer,15,14500,Product,2021-12-01,April Holland,Lead,Invalid Number
313,Bill,Anderson,billanderson312995@slingacademy.com,(202)724-9857,male,39,Web Developer,14,14000,Product,2018-05-10,Bill Anderson,Lead,(202)724-9857
314,Kelsey,Moss,kelseymoss313481@slingacademy.com,206-016-2029,female,38,Web Developer,14,12000,Product,2022-04-30,Kelsey Moss,Lead,206-016-2029
315,Maureen,Phillips,maureenphillips314243@slingacademy.com,+1-837-401-4253x976,female,26,Web Developer,2,7000,Product,2021-12-01,Maureen Phillips,System Engineer,Invalid Number
316,Michelle,Hooper,michellehooper315396@slingacademy.com,401.041.6802,female,29,Web Developer,4,9000,Product,2020-07-20,Michelle Hooper,Data Engineer,401.041.6802
317,Steven,Lewis,stevenlewis316274@slingacademy.com,+1-584-489-5663x896,male,34,Web Developer,11,11500,Product,2020-07-20,Steven Lewis,Lead,Invalid Number
318,Kevin,Rodriguez,kevinrodriguez317974@slingacademy.com,001-511-226-4416x83410,male,29,Web Developer,5,8500,Product,2019-09-15,Kevin Rodriguez,Data Engineer,Invalid Number
319,Alexandra,Bell,alexandrabell318109@slingacademy.com,+1-426-702-6363x565,female,39,Web Developer,14,13000,Product,2018-05-10,Alexandra Bell,Lead,Invalid Number
320,Courtney,Mcdaniel,courtneymcdaniel319568@slingacademy.com,(871)098-2647x80448,female,28,Web Developer,3,8500,Product,2020-07-20,Courtney Mcdaniel,Data Engineer,Invalid Number
